Zadowolenie,Liczba_osob,Ekstrawersja,Alkohol,Rodzaj_imprezy
6.0199850581254655,11,8.263134857512608,3,0
6.094900511860788,5,5.57474012236348,0,1
5.613694673922808,11,5.800842153236382,0,0
3.994647082020675,12,2.705890676091707,5,1
5.082398882285155,17,3.732167339489205,5,1
6.022426183788885,23,5.303785638017871,4,0
6.202812345079904,11,3.7335276152769454,5,0
6.058227757558069,13,6.338040990302038,5,0
5.8074386467509225,28,5.186075320616082,2,1
6.35625237230269,34,5.525653242141672,1,0
5.970242904527015,10,8.393829174774714,5,0
6.672275382529791,10,3.7819343924347617,5,0
7.8189490076034565,11,4.920399226407062,6,1
4.87797427822018,5,2.315985971429804,2,1
6.590236354242868,19,8.022696909447298,6,0
8.072445850938156,18,4.028229417672746,4,1
7.649250321478337,10,4.682271347777043,6,1
6.053597592479451,21,5.840707820762698,8,0
4.937010913806586,12,5.316723877144477,5,0
7.888758740032682,32,8.527433466033594,10,0
6.218707991095917,19,8.518469044935419,5,0
4.035457221525929,7,1.918802844573579,3,0
6.676139384782639,6,6.068910041362226,1,1
6.249528564726932,11,4.295828044276859,5,1
6.446035658148217,18,7.943316166688376,4,1
6.332803556296209,6,3.7003363442815047,4,1
6.997830283043975,29,6.639496388449635,3,1
5.918362630812327,22,7.5599271567401,2,1
4.725538830826337,8,2.7519180549375846,3,0
5.962435716647364,26,4.771577398601664,3,0
6.622148706340528,19,4.679833585868185,5,0
5.970323991967968,29,3.6593407694990963,3,0
5.953996347826919,20,4.063862172436506,5,0
5.938459954307372,5,2.455304526808836,0,1
5.519391768764494,17,4.329993385015949,9,1
4.287718789882378,17,5.490160911601196,0,1
5.253697907295671,9,5.888818540880852,3,0
6.7105394552013635,18,7.077577916192194,6,1
4.365776008033956,9,3.9169108853110197,3,1
7.614412607741215,26,8.079330175771522,7,1
2.1960073412354424,47,2.7273893848285415,5,1
5.063769549490897,26,5.711486742185567,5,0
6.632730603723745,11,7.311856991523408,3,0
5.228027656659859,21,6.911212320005975,3,0
7.260798736976439,16,5.413972059973546,5,1
4.170833062665844,10,7.952207696230147,3,0
3.3117394350247134,11,1.0,0,1
6.027438913523483,11,5.2534584467885335,5,1
6.742524126806703,10,6.543345496822142,5,0
5.089155165817564,15,5.503548847732693,7,0
5.799831839875422,9,1.452697837578997,6,0
7.671335414955661,9,4.937828919441019,4,1
4.336220116307907,15,2.403290846832227,7,0
6.4149560036888955,4,4.375148508376183,6,0
5.419881457560086,17,2.8924314691241126,0,1
4.669307274313388,8,4.702556389300466,3,1
5.027848570316671,11,5.0008461969215325,6,0
4.265529855939432,8,3.6882883410265186,4,0
5.710677276846593,7,4.314899334386613,3,1
4.469312958362103,5,6.609876265007404,3,0
5.562671294379612,32,4.1561595478034405,6,1
5.146728390694552,6,4.450339865710141,4,1
7.581185322752369,30,7.649772224950008,6,0
5.323022380665194,15,5.357240493244897,0,1
6.260867571657993,11,6.066301169557194,4,0
8.65516037695263,21,7.031300812205501,5,1
6.995214595748319,8,6.2772872239662245,7,1
6.011834693918008,21,3.5777983753971467,5,1
6.810889629397798,20,1.3329060695542498,4,0
6.503947232464343,21,4.960911045518835,4,0
6.268142803580645,14,7.134660956801605,4,1
5.360765087165515,14,3.5679259613465586,4,1
4.596659412912951,11,4.61225772482078,3,1
5.27218481745958,36,6.354675293138979,3,1
6.06194484093738,34,6.292288719266847,7,1
6.044961656340652,20,5.3632326904107765,1,1
4.23683114671792,7,5.957663218325588,4,0
5.551492933318629,8,4.85599342135136,4,0
6.165048375496689,14,4.804882505747893,4,1
6.229577584470954,10,4.786069412766299,7,1
4.872837528696339,10,4.0965724770482765,4,0
5.741628613775327,8,5.131004593441801,2,0
8.166794494075312,20,8.78050463598474,0,0
6.107078853420368,13,5.258937125973051,2,0
6.7304729652924395,11,7.925455222794694,5,0
4.764886118718623,11,3.128628071713872,4,1
6.977959676242144,22,7.640676079110688,10,1
5.552992825628291,14,1.0,2,0
4.890751152401043,13,3.7523034646307796,9,1
6.018458881512766,9,4.464020105037553,6,1
4.5505232240099005,13,8.446458317584058,2,0
6.427457215552837,10,7.8198365483131225,2,1
4.955384395391208,12,4.136160861467138,4,1
6.415064516241952,22,5.966066529743578,5,1
4.800729430091792,19,3.6103390557676343,5,1
5.147961650178267,16,2.9292502146731167,7,0
5.732383065161913,18,4.728256764496874,5,1
4.713830479108927,8,3.944729116121377,3,1
5.712820996438592,8,10.0,8,1
6.260136432441474,13,6.679376865230091,1,1
4.358709298296258,16,4.674310228792872,2,0
4.863266570753781,23,4.997090984166855,2,1
4.506796879947707,10,3.61189152117378,7,0
6.236999954457352,17,5.496943056229166,2,1
5.5233351759631715,13,6.0482361771460145,7,0
4.532559772465442,22,5.849755367259344,4,0
5.561754619068905,18,6.926400481782153,3,1
5.038479833180009,22,6.52038034599889,10,1
5.3177565774993285,14,5.623226385937171,10,0
5.842246322501155,12,4.434039148803737,6,1
7.050608526513341,10,5.351806094955038,5,1
6.2690681290001065,8,5.53011313297358,3,1
5.238585662565311,10,3.776000254921483,0,1
5.831360736164753,20,5.150570837435456,6,0
5.63402545434788,14,3.368849311411597,10,0
5.316446263409578,27,5.854027644752789,4,1
6.020073973664834,7,4.914039429517981,7,0
5.316589325100728,16,3.2232535437618743,5,0
5.934445376378299,29,3.9092624787007955,3,0
8.592552180459204,29,7.422549742183721,5,0
4.390997926434858,17,2.7899529194793344,6,1
3.6424915504894946,29,6.674404127002834,0,1
6.270743799893903,26,5.362990162137931,6,1
3.803956213154274,17,2.3728263856109453,7,0
5.879696934737737,24,3.174770217286273,0,0
5.8326612758571335,11,6.023017035826402,6,0
4.573675837763296,24,2.4237956861694174,3,0
5.479403979199316,7,9.196098334081942,10,0
6.502588262094907,9,6.951654316494352,6,0
8.094142805016887,26,8.776497005444476,5,0
4.911409945073232,15,4.6903064649632125,4,1
4.024791704948136,15,3.4077025421506626,3,1
4.611035992483035,25,2.558994562554434,4,1
5.569399835391096,11,2.991116676555679,5,0
5.171700297580705,9,5.791264268436297,0,1
4.890138760755015,10,5.2185671628118175,2,1
5.52518489800771,9,4.90341686101971,2,0
5.038061921169504,6,7.661062327952298,5,0
4.831406351573948,13,6.256136548982083,3,1
6.2105473688225485,15,8.115246862841268,5,0
4.8079044054397295,11,5.927972533564352,7,0
6.105235477213501,11,4.834007770925565,8,1
5.333028350717743,17,6.523290945226719,3,1
4.722936044669742,40,3.8660757145003624,5,1
4.786765706689726,13,6.516965376120481,6,0
5.131733063655254,7,3.8712374010393407,1,0
4.562639028697207,12,6.574255936996069,4,0
6.937630885856627,11,9.108949182675621,4,0
6.59508659567442,18,4.117952346507706,6,1
3.7664398217188224,22,2.583254056130003,6,0
6.789894069880309,12,4.251185305368381,4,1
6.421095292148407,20,8.17293959657645,5,1
6.4906454916422724,21,5.2630863737909,6,0
5.966892645070335,11,6.503707640708199,4,1
4.356826409663297,16,3.5621466270293336,0,0
6.476159804880673,11,4.949026148678622,10,0
6.087633072004837,29,4.658118529873999,2,1
5.780167363110572,19,4.363480573052018,7,1
6.916712614198201,21,5.624134541414241,3,0
5.208968977639841,15,7.415653212330843,0,0
6.830000551605164,15,5.65146895383007,5,1
5.8675978242011775,14,2.9497438085341434,2,1
2.4004953290167004,35,1.9164793302226077,5,0
6.154736600380461,13,5.068813083132793,3,1
3.4500292526688368,14,1.0,5,0
5.393822462190307,9,6.934214152790912,7,0
4.965489052240283,14,7.472654385614625,4,1
7.527962289698277,54,5.082618104510339,8,0
7.74427657407837,8,7.94187392411607,10,1
3.9608403009424156,21,5.5733857918066985,3,0
5.437727868712255,11,2.0009987078958766,6,1
7.128142483137162,12,8.243171816733074,5,1
3.3146266509727584,9,1.0,5,0
6.258676272615154,14,6.254654823579383,2,0
5.492659122878687,25,5.479934705113267,6,1
7.0945681196239425,20,5.878170925495773,7,1
6.8869691482011985,10,1.9651986794894136,0,1
5.86209899273631,13,6.419007380291542,4,1
6.983894227356747,15,7.2397565856660595,7,0
6.864129631405693,28,5.951569851248874,0,1
6.016336625078358,53,5.6742282709758936,3,1
5.242851464079556,13,3.1257444645450034,7,0
7.40462209328321,23,7.283151379295182,0,1
4.017389427297546,14,2.5370479842704348,2,0
6.502618370685598,47,5.447365501175993,4,0
4.652177213180099,10,2.3053631963750867,2,0
4.953204285142312,14,2.1872829759938903,9,0
2.247702108661157,12,7.130042696048871,3,1
5.350422648570971,17,3.1936317084049675,6,0
3.85163502873577,16,2.1113040851496327,10,1
4.282365499583617,15,2.253150646854852,1,0
8.801235167674939,8,1.4454070909704062,9,1
5.524922113730722,23,6.091590564092574,5,0
5.086283491465868,10,1.9100991029473207,7,1
3.050204738816335,25,2.4201211834727676,3,0
3.4525011440463684,8,2.762772294933731,5,0
6.02035684810282,11,5.428808157688592,3,0
9.534826038071829,26,9.959566640591113,4,0
7.059581786278678,21,4.602256248867307,5,1
5.034891167289412,15,6.844133174948163,5,1
5.618583230152654,19,6.426025616283277,5,1
6.293476965185189,27,5.514651495576478,5,1
5.127614580946497,13,1.0,7,0
3.713479568869698,11,7.856008175335384,6,0
4.995596907238664,6,5.6405615730428895,7,1
5.17309200069309,18,8.156607799738179,0,0
5.496906269268872,34,5.0670950787004365,4,1
5.577847148681468,14,3.4539871515614635,9,0
4.8158047011087,22,5.5779704322354045,2,1
5.335344002884107,30,4.379830864976751,7,1
6.018063702861318,17,5.317741775577603,2,0
5.311593083205314,16,6.621248567697179,5,0
5.345559735017738,23,4.889657881776621,5,0
4.541835909167919,9,7.0089644295539255,6,0
8.377369956432442,14,8.254090474593216,3,1
3.062561308666849,14,1.385788707486609,4,0
2.8646354024291307,43,2.1449571879969946,3,0
7.707593014060357,17,7.400013636731396,6,1
4.050353010782771,11,4.817350485563362,8,0
2.784474071303773,23,1.9661504206619305,1,0
6.134133444106447,16,7.276470604072063,5,0
3.03535358088206,20,9.945922729612807,5,0
5.637067334694407,9,9.109215119043682,5,0
4.635175148251927,16,3.3112160118282254,1,0
5.606419000695252,16,4.109526832360167,5,0
3.9501335571349876,10,1.0,4,0
5.585185773946695,28,6.260360412234508,3,1
5.4609652614776945,14,4.521633790791131,4,1
5.120060035107196,16,6.566335501191195,5,0
7.036273690318995,9,6.320397606999207,1,0
5.520136946339892,23,5.545002358868627,3,1
2.9950314563917333,7,3.3593326670636516,5,0
6.750286577842347,23,3.3266746503146623,1,0
6.336547734406764,17,6.702270275913846,8,0
4.243321529944552,11,6.709359808836863,2,0
5.375542359863412,18,6.631163792678338,10,1
5.541652575709406,15,3.554949637405631,3,0
5.3123830999786,11,4.632282637354341,2,0
7.539677071016033,17,9.031592347982185,5,1
5.298536301454591,9,3.3049778798627787,6,0
5.456911108113004,8,2.6635473212359697,4,1
6.288834079251994,11,5.7517037775632405,5,0
5.072002907456953,10,5.161733354097253,4,1
5.302069738459771,9,5.999010128832417,3,1
2.442055023072169,21,1.5188078283413362,5,0
2.9726799888066875,32,1.0,4,1
4.505802573913654,23,6.1434025446183025,4,1
4.477517344055041,6,5.076159364964085,2,0
6.641277056238042,9,5.27611850035247,1,1
7.140949764336674,13,5.552248443636847,7,1
5.778928129806445,9,7.580918371543887,6,0
4.996367494068414,11,6.577951857615012,6,1
5.792788319244808,10,5.466519308203911,3,0
4.284983630215756,9,1.948108993200179,2,1
4.058516545816901,9,2.3525900305860814,2,0
5.380996529261606,8,4.327245470453938,3,0
5.6411791043205355,35,5.559775135209135,3,0
5.644502313151352,26,5.30289594267319,0,0
4.999885835287504,17,1.0,5,0
6.87787508179775,11,4.770984412762981,8,0
3.8147804969892753,24,8.300991278911951,6,1
4.727174969734552,22,4.454396859152583,5,0
6.3608587110849735,12,4.930135859815533,6,0
5.814403224250212,14,2.5379733690176733,6,0
6.684710832522283,19,4.104517963235142,5,1
4.886717884547144,15,9.43095215752081,1,0
5.651585376532866,26,6.766141921460409,5,0
6.352271716367539,16,6.9790011445840685,7,1
7.2283748509992405,43,3.7373648543165796,7,1
5.079391167096592,7,3.207730952703472,3,0
5.1670910180755865,10,5.05107022885675,6,1
5.606258196366276,14,3.572759759080056,0,0
3.3797165528138047,33,2.607636539584393,4,1
5.027114072761545,4,8.084063026367211,4,1
6.8412982348701314,6,7.384161571947443,3,0
5.566115305589188,9,5.411734023929332,4,1
6.041867118414956,5,5.712820971433806,7,1
5.068237213369577,12,9.201660325930787,2,0
6.829881297180002,24,6.623209723376957,6,1
5.794220238624542,27,4.725514048680479,7,1
5.618495881562224,20,5.177968618666893,6,0
4.856514681519421,5,5.040778881471425,2,0
5.003786011823747,10,3.989131634740839,1,0
4.692690956773421,7,5.356378171509315,7,0
5.05113015433295,9,4.3426565285393295,9,1
4.720585186413253,8,3.342857700000099,8,0
5.512423426165356,28,6.537262516128598,2,0
3.839784443913388,10,1.8375866395110538,1,1
6.2034692783883365,17,3.418946950224,5,0
3.5863490487612193,43,5.88483556845957,2,0
2.762615336050858,24,2.926629668096364,2,1
4.9670606539322755,9,1.1063229297230928,4,1
7.282074716847044,30,8.081221316853162,6,1
5.168032750738943,12,3.9434779847533203,2,0
4.743452570895734,9,4.07777954476074,4,0
3.0698447067185657,21,3.8828395193851772,1,1
5.623917135860934,34,6.725653163817933,7,1
6.253906167421459,18,6.76840244245248,4,1
6.585451951338882,20,8.248951048516052,7,1
5.4199589894217315,18,2.842739546654678,8,0
3.231811566077143,9,5.418140867654102,0,1
6.0091484390288326,33,5.129225639767468,2,0
6.347995291047667,9,7.9141820932251115,7,1
6.174529472883487,3,4.38142003253075,6,1
6.180393282543412,22,8.477795588811214,3,1
5.325254918629795,15,5.7514057401422525,10,1
5.544260630797435,21,2.2072262858043388,7,1
6.653936939511505,11,7.387310490106077,1,0
5.460798253618815,8,8.165503827480908,3,1
4.930497779506336,8,5.7793510047787295,5,0
3.6715395424540174,18,1.5007943748637547,4,1
5.550621550815901,12,5.452385234109229,5,0
6.67388479534455,39,5.264890143523936,1,1
5.468324423436763,19,3.377584349754697,0,0
5.303067916534984,9,5.58647691520804,5,0
6.407231672391312,54,4.310751737924411,1,1
9.069283686277279,32,7.950061132567235,8,0
4.912682531789096,7,1.6565524891174674,4,1
4.762803322727294,20,4.342646963034629,0,0
5.930559918859861,41,5.779381479510251,3,1
5.495296109588169,27,3.707280252883515,5,0
6.549229523656648,11,4.7264220287029035,6,1
3.9790349778943637,14,4.066058715749465,3,0
5.949815372345827,14,4.144418299639323,3,0
5.456006977200064,10,6.021840993433736,2,1
4.2525737764489495,10,2.957730805014656,7,0
7.867078274056106,29,3.526490890842111,7,1
5.2826902268082705,16,3.7736969532377196,3,1
5.40647699138143,16,8.159735310968724,6,0
5.970278990504873,9,5.50548363742943,5,1
6.381754831761739,38,3.758706161358499,4,1
5.969847266641534,17,4.328837834496679,3,1
4.309232844171936,22,2.1932569414641754,2,0
5.513325649087546,9,5.138987389328991,6,0
6.36812548891263,19,5.171481041738922,5,0
5.425327257784347,17,3.3757636615240614,4,0
5.084676763214268,25,7.936827196906363,1,0
5.567588000807324,18,5.3153593765313865,0,0
5.585833660167123,18,4.27427471820989,4,1
5.191449551688516,10,6.544237901479455,4,1
3.716649666339342,33,2.149561407636368,4,0
5.878789105306629,14,3.8067295489913757,6,1
5.500231834615876,14,3.007097964580182,3,1
5.370899197946336,15,4.302936106244894,4,1
6.085741655907574,17,5.980522825724704,4,0
4.1270777097879385,11,5.395632033423388,0,0
5.418718835887812,13,4.099035297922902,2,1
4.716859969167581,19,4.974730528617719,4,0
6.448671532339906,28,3.7088227412951404,10,1
5.490416171905798,20,6.40355140088812,4,0
5.90920074087847,6,5.4486588488881535,5,0
4.683850936533833,11,3.7964246043402556,5,0
5.536321705169396,7,2.7142376285395207,6,0
3.946676747251885,15,6.098953330802351,5,1
5.012907380029628,5,7.90913970577067,4,0
6.6360059328342365,9,1.0,0,1
6.550009609334962,18,5.154853417934268,2,1
5.122554402400894,16,5.857378378636028,0,0
4.098244569961956,6,3.6739931213066326,8,0
4.515656635685792,7,3.6398467991813117,4,0
4.4352957796058945,12,3.4619257408317514,0,0
6.299023999877348,12,4.455721234204927,3,0
4.59198800534379,9,3.6990781823051297,6,0
5.068341480165658,14,2.2737663322547275,7,1
6.210385093933312,3,1.3525795018237021,1,1
4.599957760603667,15,4.524662171793564,0,0
4.5231226105234486,15,3.603363688926144,1,0
5.875542967378938,49,5.284895530760657,4,1
6.2370618584770385,7,4.436829433541035,2,1
5.220656232048651,12,6.431198629013561,9,0
5.587243406218812,8,7.530658386743079,7,0
3.744336119300717,18,5.527125608887657,6,0
6.147442494010189,7,4.288575357389386,2,1
3.9902657743461645,9,4.056621949905993,4,0
2.8098103913621975,10,1.821446323365783,6,0
5.532429877056979,17,4.187420977707017,5,0
5.337236800077253,20,2.1533212607848364,6,1
5.844764027722578,13,5.408275361670731,5,1
6.186178587035842,17,1.905802588458017,3,0
6.650851181408616,25,4.433917475234591,8,1
6.845722977086485,15,6.065289484618054,3,1
6.403399500254788,18,3.8229096620286684,5,1
4.952464461898629,5,5.250829697099672,2,1
6.715475785491139,19,7.220061640192322,5,1
6.469824434225771,7,5.58331742041415,9,0
4.653173031748076,34,5.402254361914145,5,0
4.094779016114613,15,5.771644718921515,3,0
5.998129742354293,15,4.722298587983331,7,0
7.166030214475345,24,7.574779090525553,4,1
6.476789832738556,22,7.532014957978845,5,0
5.802436784460992,35,4.8736799943298905,9,1
6.2117350634421635,11,9.608364987249061,4,1
5.066499692245348,10,4.758340085505401,10,0
6.4751400621504995,9,8.265037980842,3,1
6.53353821134939,36,4.37903406978756,5,0
6.347713745695366,34,6.0152840902941564,5,0
8.236927718231431,32,7.783284279167447,8,1
4.255019792109435,20,5.028025049615149,4,1
7.219701545843149,16,2.9282064400784593,4,1
6.926030303533486,12,8.165318014574991,8,1
4.8209979285160465,42,6.8801168780424256,6,1
6.619281296039532,26,4.88264495698541,6,1
5.212350619258273,18,3.9015716830874494,7,0
7.333961048143999,49,6.065776168528487,3,0
5.389680988488611,17,6.203627470347274,0,0
4.834516354011016,13,7.820718496155969,4,0
5.814008208598753,20,5.622617677152693,4,1
5.3524964606593555,16,6.208222772313858,7,1
4.325444411312205,15,6.49309846957401,5,1
5.331282577858141,11,1.1389766459741963,6,0
6.490128313629863,9,3.45503552134326,2,1
5.6810784137614725,21,4.483253724217052,1,1
7.644784648962648,34,3.8227080687749746,5,1
5.631046148097872,10,8.132303235210545,3,1
4.19126041376667,15,5.753207241227676,2,1
6.982612256839827,12,2.0410908554226137,4,1
5.121846160161491,18,8.131055816109413,7,1
5.1172524407613675,27,3.810259019215809,6,1
6.240389738137825,12,7.753877245876977,5,1
7.521806870364215,14,8.73580457343454,4,1
5.4100923146823225,11,3.1004832636484676,2,1
6.806554942146873,15,4.911743366074591,7,0
5.9348853893278,30,3.4660724817553263,5,0
4.541707036333037,16,6.684139208350636,7,1
6.363139584467018,9,9.74118292718787,5,1
3.0219421054626294,14,1.7852385191737077,2,0
5.157014105181248,20,6.459085598764227,2,1
5.289889393038634,16,3.5805167469787564,4,0
4.276572262028141,22,1.6989510722894097,4,0
5.825416877960417,17,5.954124852054484,6,1
4.974912130647455,24,5.203851315418937,3,0
5.362072211861424,14,5.801999185784117,4,0
5.387310434087148,8,6.0967349359199225,6,0
4.80716224156455,12,4.530977711417803,10,0
6.8948441545326125,16,3.5390936883686086,6,0
6.272896202345069,16,7.989022310401132,6,1
6.21711928326124,9,3.302441674795528,4,0
5.705203865316094,8,3.916414389187758,6,1
5.120641873045531,18,1.421717983504744,5,0
5.4253583038998325,10,4.818710332674263,6,1
6.503906804051291,16,8.459997466000077,3,1
5.889405081392565,7,3.9866997514498967,2,1
5.254156162124561,12,10.0,8,0
4.651738815905377,8,2.171787517161153,7,1
5.546302141969995,9,4.9436744053540105,3,1
5.681793864151249,11,5.378949380105579,9,1
4.611988803978723,29,6.115975791221535,3,1
6.230201800449941,13,1.8269369836854317,4,1
6.019397100872096,23,5.257336782909552,0,1
6.088255193899643,28,8.965394153219446,4,1
4.314857053806208,14,7.11139686524948,4,1
5.915535490152974,12,4.958269794761772,6,1
5.824732934408293,11,5.851232654672445,4,1
6.546161407714199,10,6.08457635071503,4,1
6.843284877554318,16,4.604359701626331,5,1
4.707081937526379,12,8.927632198789459,3,1
6.143175591361212,8,7.33045146287932,5,1
6.013216694961303,7,1.0,4,1
5.711624009630361,9,3.8447956856824885,4,0
4.042226117160066,25,4.3302301271984875,4,0
6.749196547344333,17,5.542534076218603,6,0
4.889714151508164,13,3.3678952306887395,0,1
5.714844360555643,14,3.4378520684129783,8,0
6.360597154801004,15,7.745711089100965,6,0
4.759699318371552,6,4.312653706171803,3,0
3.3740936586837114,7,3.7276501732546197,3,1
5.967692766506306,13,6.529242871283804,5,0
5.725413024490885,17,3.4155506532440323,4,0
5.519510741516715,10,3.793808128489788,4,1
3.945344036879173,9,8.443630028936628,7,1
6.424063243436212,6,1.0,5,1
4.418945259463332,42,4.302246971301814,5,1
1.3953571494817811,9,7.202230804575457,0,1
5.096739899174748,15,7.908805927839787,2,1
5.813463654395979,17,5.966028901570503,4,1
5.871434788821646,16,3.1034266468177334,7,0
6.1040339864749065,16,3.7946624956189474,3,1
5.234467880496554,15,4.307406736648508,7,0
5.454297339440712,20,6.944075180461874,6,1
4.7102919223598745,11,1.1646221577224458,3,1
6.30664085558472,24,5.094803572311931,10,0
2.821927696395039,22,3.057542926018023,4,1
5.950997068168675,25,6.813126831171841,5,0
5.786492077282004,13,6.567569269763758,2,0
10.0,68,7.363118862865713,6,1
7.029438473423976,16,4.32154723005019,5,0
5.997503943348744,34,3.6789683987616577,5,1
5.406880942821242,5,5.2284431772569775,7,1
3.245851613485324,7,2.824392386352802,2,0
4.301339959366879,16,2.6655840677103617,7,1
5.3290822834652705,22,3.356321705979259,5,1
5.402329125849021,25,3.4568212989683236,7,1
5.404144537067041,24,4.146836624351643,6,0
7.645596359164129,19,6.82477949734224,3,1
5.751929328470694,11,2.497500742125838,0,1
6.1255413691376,15,6.057715244013266,10,1
5.008123728460142,16,3.832093436654353,4,1
4.749276283298956,18,3.8033456276171185,3,0
5.774088843626211,14,3.1884561221579837,4,0
3.9387024720563364,13,3.9127496618382116,7,0
5.3716478919326525,15,4.163213109958008,5,0
3.6890145324406594,18,3.0219022329631646,6,1
6.586727937500782,4,4.2310715465148725,6,1
5.432044285988153,26,4.278196436499341,1,1
7.036377124227205,38,5.807105487233719,5,0
4.795045669647113,27,5.9938775495312555,8,0
4.916275626131506,11,1.6458864692832598,4,1
5.913357738396765,9,4.857557691148679,5,1
3.2603938479122183,18,1.6774906537729342,3,1
3.0520520941123626,47,1.0,10,0
6.308689795350427,27,5.843499545168988,5,1
9.10913433914041,43,10.0,4,0
6.853951338664929,28,7.0784508488425155,0,1
4.099265901097289,3,2.4144357635568707,5,0
4.890225451929911,4,10.0,4,1
4.838730791381388,7,5.513519235618512,7,1
4.792397051920231,9,3.4946953448820617,1,1
3.759907110155345,19,6.336174166590148,1,0
6.4170315948708305,20,4.854251339193778,7,1
4.625161676354629,13,3.6014112470859976,4,1
6.1050366226040165,9,5.771377453009448,3,1
3.9487067508512887,7,6.567492221805992,3,1
5.760988269448961,14,4.535375510847166,6,1
6.000563235236315,6,3.249600822299903,7,1
5.0243764706730225,16,6.921057047022586,3,0
5.0683702203238274,7,3.52104020033093,3,0
6.125560900763872,27,7.508461807102134,2,1
4.845967094626538,18,5.143872651520882,8,0
5.2327504851197215,40,4.3732027470605805,7,0
7.351600006749956,35,3.6460002109540977,7,1
1.0,21,1.0,1,0
5.825987816190282,17,8.540471315675033,10,1
5.540652854673314,9,6.967921244626538,6,0
5.125635794501925,16,4.498185827096917,4,0
4.728559479846584,18,3.8975459484087285,1,1
6.781700243220059,4,6.036570627541128,5,1
4.474048143930515,18,2.9569189612183333,5,1
5.700254455666147,5,7.25332392551864,10,0
6.514312142375935,18,8.243801061317656,5,1
5.036920587004203,10,5.0246750238813735,3,0
7.416805593361324,66,4.108305552991887,7,1
6.206473699131792,20,7.811421696897774,2,0
5.664717903419858,29,4.560224019441435,2,1
5.255175873643331,13,6.874746268568828,3,1
6.817623891339041,7,6.6238597513585065,3,1
6.700933874939985,5,7.966559455699683,5,1
5.365354239880498,8,4.366432682474754,3,1
3.6016092831045725,17,1.15468276810383,6,0
7.090061466336533,8,7.684056335649746,6,0
4.717107807221627,12,7.849297346942583,6,0
6.5122522325162855,12,5.494154546950723,3,0
4.326227597492506,6,3.7805807183762976,8,1
5.25479495113938,33,4.053374177382515,4,0
3.743905571241817,11,1.5827573630762575,6,0
6.730318252017274,11,8.163342660507988,5,1
6.4645478514095815,11,8.90634931566448,5,1
5.882943226473954,23,4.719225191660613,10,1
4.767040451959829,9,3.691954037420817,5,1
4.929170438164945,13,2.7723769926532547,3,1
4.88840474270205,7,6.093364762720024,7,1
6.3376336795932655,20,4.841132115894218,5,1
2.847934708051427,17,1.5933691064755888,5,1
3.2432178573688284,21,2.3632186023749373,10,1
4.830522067829622,10,5.698807657709612,5,0
6.098526203741903,24,6.0823974354450865,6,1
7.177333637998523,19,4.889354196605968,1,1
5.962904809814545,8,7.917447490030058,2,1
5.7602770129495084,13,4.952309231809288,4,1
4.498660464606438,20,2.5644468414819794,6,0
7.607789939989904,14,8.33020025214443,5,1
4.019049540207783,9,5.598436001273857,3,0
5.484593504119053,24,2.27693159744705,3,1
5.47028541511557,11,5.697467885632209,5,0
4.643860363535572,13,5.467705096956394,7,0
6.382522673131731,13,2.5178701327154447,5,0
5.836670629775073,11,2.6421302184885778,4,0
6.858782854546055,13,4.6475667075017295,0,0
6.566520724051807,17,5.036786785904138,5,1
5.3197880005147375,24,4.655628522008202,7,1
6.895128799674109,6,6.046123899373031,6,1
4.625062176621536,11,6.748787717579837,3,1
6.062609195475522,22,4.952300945170778,5,1
4.796723160005546,11,3.0367255620380824,4,1
4.823037467195066,6,1.8563979818023362,3,0
5.301062364826763,23,5.619613388234048,7,1
5.0482666376597285,18,3.4291173002188087,3,0
7.139239512107033,22,3.58334330570685,4,0
6.347644804480444,16,6.2651984675149714,2,0
5.375844146088557,5,10.0,0,1
4.634916035477568,21,5.431030768058033,2,0
4.374338798910683,8,2.2796447725175195,4,0
7.139054398104744,17,6.131704231471648,1,1
6.283256235580375,18,4.156106853393177,6,0
5.195698286498588,8,2.1089085861188486,1,1
3.84625833315691,13,4.1178840192351505,10,0
5.369961934678271,5,8.242441960673373,0,0
6.297984848727531,24,7.33984982416966,10,0
3.35614072565921,11,5.300688548005903,10,0
6.483890787772955,17,7.441596068773526,1,0
5.900260286914792,37,6.067242256662011,4,0
4.732827788115026,14,1.2278132657057115,3,0
6.692933389326024,12,5.645725159069568,3,1
6.50052615386069,7,4.12914841453371,8,0
5.800345280969487,23,4.959240265335068,5,0
5.533187239578429,12,7.129871384905398,6,1
6.731899649506468,14,8.11588122024426,4,0
5.197303230501808,10,4.716448709733786,6,1
3.046441898710654,9,1.2222967885965588,5,0
5.090261538765439,12,5.605359814881174,3,1
9.173958332953891,52,6.995033116025143,0,0
5.693484245268775,19,4.084168615965385,4,1
6.703056140871769,11,4.8084589830963855,4,0
4.6036145459947,35,6.057399981982542,6,1
4.960809186468997,19,6.018284475264622,6,0
5.8571386722710255,11,4.959103178248198,7,0
5.814061942581527,14,5.056098928674572,6,0
6.2010357752301895,14,6.765506105156593,6,1
5.30328061052395,19,3.5920182780699403,4,1
5.076172500357147,8,7.7289686144122305,7,0
4.763386841685177,6,3.0799236800499417,7,0
5.292093867660429,12,7.711932374920844,4,1
5.601760751687326,10,4.086485829988905,6,1
6.1334536088197416,11,6.361735459308766,8,1
5.2078318890389586,16,5.004085623871705,0,1
5.555763587689314,18,2.479456004993971,5,0
5.8207291317074015,7,5.417979769662559,7,1
4.413315693866076,8,4.6763261046626665,6,0
6.5665147924826615,19,8.47109566552428,0,0
5.09354133961151,18,3.2883685060092933,0,1
6.4454018713778956,13,7.336728681473895,4,1
6.783933197848949,18,6.628930228386883,1,1
7.097315691440435,56,6.648018031618884,7,0
6.752233485903647,21,5.8134198507160715,10,0
5.4350873770321275,31,4.15837134044352,0,0
5.310450051147981,12,7.376192711323199,3,0
5.470363742556533,11,3.7606859081311566,5,0
4.6066197848103645,6,7.320754439996058,5,1
6.601141420831931,13,6.552389642549553,7,0
5.178323362897256,19,3.9214874807435383,5,1
2.8836837033586074,14,7.341848914747187,6,1
5.539807389597665,21,6.093753592457583,4,1
4.82526580509328,14,3.354926840412258,4,0
4.946042208743929,13,6.767801745396964,5,1
4.138894051807365,8,1.0016694428464183,2,1
7.8871383822793275,11,2.826951559767919,4,1
4.934238077278177,24,5.728177425736688,4,1
5.0594240539950475,14,3.9018831880932616,5,0
6.8410747327879315,26,6.4098968023940905,4,0
2.3404635932910827,47,1.0,4,0
5.657099526124665,10,2.3720649026634146,7,1
6.455336583624707,15,4.759471959903287,4,0
4.736296941161412,31,4.262847546229113,4,1
3.555059680813899,39,1.3101639751322294,8,1
6.66471604287311,12,6.060251399950659,2,0
5.888093141208176,26,7.396087131816342,3,0
5.678977709640863,18,6.4887380104972445,4,0
3.577983648706421,59,1.2887352558359884,5,0
4.943856154472443,13,4.87423929965995,4,0
4.522071720021291,11,7.599358108787866,4,0
4.869053183772502,25,3.151060883267302,0,0
4.832235593744329,15,1.7276717627411617,6,1
5.057404421411807,7,3.387168648253396,5,0
5.168811829397025,15,7.049669883141186,0,1
5.79082910576594,6,4.417285259102597,5,0
5.8056403944044215,12,3.6817584805867334,10,1
5.598348144334668,20,8.412513543842383,2,0
5.420200182509789,8,7.9770420976655325,3,1
5.186443364791356,13,4.074934555728758,4,0
5.127123109191788,18,4.200110467507833,5,1
7.223355715008752,30,9.149967327058238,5,1
6.831337008424798,19,7.546813973558802,4,1
4.666059613276549,7,5.899121257685355,3,1
5.470644100840995,21,5.319438287109471,5,0
5.673686610224424,20,5.609058892535885,6,0
6.430472624040867,13,6.364033782044864,4,1
5.172551853980941,12,1.6083265812934706,4,0
5.556799995078406,17,4.3235804289995325,10,0
4.51858308433186,13,4.307682923003988,0,0
5.696444302736494,6,5.794849267086394,9,1
4.255322127511214,9,4.982878472500443,4,1
6.481541994663977,15,5.9185392703702995,4,1
4.183361137959333,13,5.566886651089639,4,0
4.415539288248773,23,1.9244867740621365,10,1
5.1785968663819535,15,7.413771225785835,6,0
6.531761809326985,10,5.562588625614399,5,0
6.119558859881111,27,4.73442848824558,6,1
7.473526333491535,11,5.779792387679894,4,0
4.875142133384003,38,1.8557715956871381,3,0
8.049054916011935,6,2.78616253634714,4,0
5.9201675186523355,13,7.693332934178966,7,1
6.612672252873307,18,4.228137505453274,3,0
5.778755135465466,9,5.9831771855695495,6,0
6.259582658920599,22,4.72779288921745,0,0
5.816060984472599,9,4.939167704039105,5,1
6.150730465446964,6,4.017486096748897,6,0
5.211530217887511,14,5.843681573686799,6,0
5.518575491018913,7,7.946112204752765,6,1
7.364518990640884,14,9.093419465112277,4,0
4.941868970175491,27,6.591109878907272,2,1
5.3778202209470285,9,6.163948235945661,2,1
5.677412858046334,18,6.777083771857928,4,0
6.471290337690533,16,5.15275485938431,10,0
5.541251445905821,18,7.101126395252665,3,0
7.581751171055611,8,5.040950261709768,4,0
4.098573432008588,9,2.242176436300151,6,0
4.101376174459386,17,3.0538473211712445,0,0
6.006634243688962,17,7.582046573522109,5,1
5.645989101795164,19,4.181460371658056,7,1
4.105140765794796,10,5.91100155096198,2,0
5.076169803067255,7,8.009203919758058,3,1
6.325957151582527,10,4.359114531738836,6,0
7.131527364354205,29,5.626371340749936,5,0
5.749545876237776,14,5.692941549115309,4,1
6.647379099860736,45,3.2417516976299208,3,1
6.709086008961661,34,5.009366447103958,5,1
5.69166451947847,31,4.468314842279162,5,0
5.265809535098216,25,3.442744243286484,10,1
3.319629762282217,18,5.973757585640055,5,1
6.60395201075116,16,3.661651488568814,5,0
6.025277178503519,13,6.625589076787693,0,1
6.584590728020068,22,4.891299873079811,0,0
6.718695463828837,13,8.627391084620548,2,1
5.050104189825486,6,5.213365131110733,1,0
6.323083933042446,18,6.158936549415511,4,1
5.444790167206999,29,5.336064138157425,4,1
6.814767304052726,11,5.557993200344596,3,0
5.656754881630015,11,4.822822249889436,5,1
4.8756450295076785,6,5.416883592094824,2,0
7.082645597268158,40,7.29024821990301,5,0
4.022739456447361,27,6.043153003230152,7,0
5.153220921247204,4,2.193839496977531,7,0
5.239223426211108,28,5.281094683932425,6,0
7.925333455946228,22,3.8351673975370963,8,1
6.3556469640777316,7,2.945568226880604,3,1
5.966023311583233,12,8.151300517871789,4,1
5.438745472972146,19,5.959619641117717,2,1
5.902075564134576,10,4.261095972099526,5,1
7.790405360629155,11,2.9995283710260776,2,0
5.6975911034324795,8,7.238757342554702,5,1
4.988746113120252,5,3.941608591756164,7,0
5.120207676104882,4,5.4521868720032804,10,1
5.698803933257821,8,5.599856725287205,1,0
4.867553029877408,7,4.7215532009145225,0,0
6.019558120143319,21,8.092121134621708,7,1
4.1277294966451805,11,2.3113482638529352,1,0
5.827552232754861,9,7.425908434772733,3,1
5.650367931713675,22,6.908489940721032,4,1
6.779877835377957,7,4.478321678634683,6,0
6.8854476802334315,29,5.763796460552741,4,1
6.009620355767324,10,3.4123694840930874,5,0
5.967553434886009,12,5.490893908897891,5,0
6.183531140456665,16,4.97647282108413,5,0
5.570403284943263,7,7.6455072450719035,10,1
5.393379900232518,16,6.087521856965308,0,0
6.282709613134137,13,3.3396666475337033,1,1
6.39653689071083,17,2.804726998437654,8,1
6.349573896275567,18,4.261920738231841,5,0
4.351555035619296,13,5.7877703605254744,4,0
5.644925003576328,14,5.723699654963459,5,1
6.93896068256625,23,3.9539255250347405,5,1
7.332572466681926,10,5.61279126756218,3,1
6.597101645180511,19,4.896315084562392,6,0
6.093753439846862,13,7.503537106198875,0,1
5.857450664267031,16,4.24446523597009,5,1
8.983287802091226,19,3.045596333895606,10,1
5.398706101069242,22,4.844879486509849,3,0
5.108465808035468,9,6.235153510108551,6,1
3.6004079925883214,20,1.0,0,0
4.777545074048312,13,3.927307861003853,7,0
4.720591009021781,17,1.7750307766695843,5,0
5.2271263633440155,5,5.85386304242213,4,0
6.9088401949230756,27,6.58597514572223,7,1
7.231883362819373,15,5.239114216224286,5,1
6.856336873577325,25,6.764520893876335,4,1
5.605373239411103,29,4.067435073550968,6,0
3.347186027344611,11,6.320149728522215,7,0
6.778483699767892,40,4.595911647976181,5,0
5.010977706967048,22,6.715875916894958,6,0
4.441253819283498,16,5.92471583016869,3,0
5.1354955200844765,19,5.877473319109476,10,0
4.704582928602066,21,1.291088303694928,3,1
6.8983697821439085,19,7.235567507241338,5,1
3.1393160520453773,24,2.44180144528568,0,1
5.790312618675723,13,6.496550873430519,6,0
5.397239635866976,24,7.677194710911413,0,0
6.575030319665951,15,7.298054469715495,10,0
5.232748408358808,14,6.914781674485171,7,0
5.746222731835435,8,6.962626347317796,5,0
6.991468426514161,10,5.76680807945903,4,0
4.859434031205314,8,5.712412514906803,1,1
5.176672576370917,21,3.550881226378099,9,0
6.9992121758858845,16,6.7978445240639225,2,1
3.0265407350626425,17,2.94736616307164,3,0
4.9425468129963654,26,2.4620935579498346,8,0
6.116957595792446,19,6.157254539312789,7,1
5.79328070069727,12,4.982909823982365,7,0
5.959672772173826,16,3.231561771677066,1,1
3.4265603305523458,17,2.2357285606959794,4,1
6.101039691115226,7,5.520652843394035,5,0
6.608971526368468,35,4.494661687466035,6,0
5.17786711190999,9,2.6825115022749744,6,0
5.346802360006475,8,3.3261302492484015,4,0
4.187569242635973,15,4.06607731411228,5,0
5.113511390566925,12,4.700313466495802,5,0
6.01402161803284,18,3.1047777658987425,10,0
5.999073722310256,13,4.7456566593859675,3,1
4.828375401608971,17,4.645262086899411,1,1
5.24110481486582,14,3.4285187025026573,5,0
6.207852908311257,29,5.322520390063976,3,0
3.9358422489469755,8,1.5009733607051867,6,1
4.8746494360979,11,3.1445611633852257,5,1
6.883554836764929,14,5.5740673333058215,5,0
7.357732207584951,13,4.8334026985052905,7,0
5.841047365109374,11,4.989747517152013,3,1
5.386266738702173,8,5.05879226397401,7,0
6.589269978382359,11,7.745394319593684,3,1
5.521765413722991,10,4.859136422542108,8,0
5.761920483217753,9,3.838278085309609,4,1
5.918569332963414,27,3.7873624307239884,7,1
5.649426657321582,19,4.372070725583029,0,1
6.648408680801537,24,3.195143365596178,5,1
6.59565108722844,27,3.7168412069327355,7,1
5.832049304247799,11,7.0404633527843625,6,1
4.037758743634501,22,2.353567809129694,5,0
5.935585477433386,9,5.755749891914875,4,1
5.2122344843302555,18,4.719448953855274,0,0
5.354061429053389,23,5.326767987462357,4,0
5.115716038972033,9,4.769115089477765,5,0
5.444437870425629,32,5.869682826798937,6,1
6.413368559574672,9,5.743366777936422,6,0
7.090670456198139,31,4.273207952090672,4,0
7.184968828521935,15,8.06040265254252,5,0
5.323592668429017,11,6.9779799607187885,6,1
5.911388302217223,22,6.960143193455016,3,0
4.498579857886478,16,6.308331752834883,8,0
6.329100308909608,15,4.623823867882881,0,1
4.406886511023859,18,1.0,10,1
6.806395244363167,18,7.914429730809272,6,1
6.427138977006762,36,5.510733340754763,1,1
6.069007883880638,14,4.604878147801428,4,1
3.374798812076027,9,4.985454628532924,8,0
4.486489731179393,16,4.406800698345573,6,1
4.704292672503083,27,3.0472419609537416,4,0
6.752269295456289,25,7.272317206576174,4,0
4.472183521509019,13,6.467952057829352,10,0
4.679433631551153,10,3.9158502251715754,2,0
4.6916120682027955,12,1.0,0,0
6.4760563548504,16,5.221202684372478,0,1
3.968648981832444,7,3.479082455626617,4,0
6.17187924859212,11,4.212518113532961,0,1
6.30237122828456,48,3.788369364834005,5,1
5.94778456488986,15,7.196130767232056,6,1
5.450389445261918,14,7.921052200755927,1,0
5.925793597773974,24,6.446203098905748,8,1
6.827641881209127,10,6.568444522909608,5,0
4.4492983658070235,7,5.100364664159899,5,1
6.22452219097928,8,3.5022255921979957,3,0
3.572951708615946,24,1.0,10,0
2.826221385622264,60,1.2941036386953466,2,1
4.5937143256612725,19,4.650491132872062,0,1
4.457689779031305,13,5.232158732247127,5,1
5.247365499145521,24,6.067024983266878,6,0
6.044530274532581,13,7.535359328470371,6,1
5.098980893555938,14,5.581564877361337,4,0
6.009938156075061,56,3.66611886943003,0,0
4.728539110768936,19,6.135838849429228,4,0
4.774878538458341,6,4.318895889413018,9,1
4.500634130153475,17,1.795830753049111,4,0
5.174237642613304,28,7.059371278638746,2,0
5.815960521418452,24,5.518094395605539,8,0
7.585380487948798,13,8.258311372184158,6,1
5.508346654918148,6,1.7504859205398993,4,0
4.701592641903934,9,3.2971283201184747,6,1
3.2568375205259663,10,2.6132382225310438,10,1
4.839813859913631,10,5.3797588796729485,4,0
4.6270057025110045,17,4.783513176858117,6,0
5.812261884792241,6,2.4893327261504647,7,1
4.781373987678384,11,6.491163455283384,5,0
6.784390111405808,5,3.9385406107322978,4,0
5.937012658632134,12,6.518307286762198,5,1
4.541747473054503,14,2.6968576455407027,5,0
6.376858733412298,35,3.941828705115273,4,1
7.320638870726745,13,2.593844517711473,5,0
4.364738055483901,16,4.928918824856124,0,0
4.642309405336427,7,3.21602698045431,4,1
4.079839967462524,13,7.594900841952429,0,0
4.436883967020303,8,6.359217056274221,6,1
4.3240645481863815,12,6.915810326106014,3,1
6.359927118656755,25,4.409658863719045,6,0
5.860405162784543,13,5.32086501339098,7,0
5.46716581257587,7,4.383044721223989,4,0
5.984045762678449,14,3.6031847774609513,0,0
5.59880248819207,29,5.856291805818029,10,0
5.695655714227256,15,4.098812886477625,6,1
4.753786819805457,8,2.433467478874595,7,1
7.645945919198423,14,7.98024557349718,3,1
5.6738177471692035,17,4.694012654441509,1,0
